nombre_area,area,LCP,Porcentaje_terreno,Coeficiente_C_por_Cuenca,indice_Uso_terreno,Grupo_hidrologico,C_pond_TR2,C_pond_TR5,C_pond_TR10,C_pond_TR20,C_pond_TR50,C_pond_TR100,C_pond_TR500,C_pond_TR1000,C_pond_TR10000,N_pond,Tc_aprox,Pendiente_S
Cuenca Alta,1.0156,10153.0,"78.0,12.0","4,16","2,6","C,C",0.32820000000000005,0.35520000000000007,0.381,0.4092,0.4362,0.47220000000000006,0.5454,0.6084,0.7614000000000001,72.42,45.0,0.005759088132694254
Cuenca Intermedia,0.6959,456.0,"50.0,25.0,25.0","4,6,7","2,9,12","A,B,B",0.33,0.36,0.385,0.42,0.45,0.49,0.5825,0.6525,0.825,66.5,20.0,0.004659758644089669
Cuenca Baja,0.2063,4746.0,100.0,10,9,C,0.29,0.32,0.35,0.39,0.42,0.46,0.56,0.63,0.8,80.0,15.0,0.006610381443218761
